INSERT INTO bank (bank_id, bank_code, bank_label_id) VALUES (1, '004', 1);
INSERT INTO bank (bank_id, bank_code, bank_label_id) VALUES (2, '012', 2);
INSERT INTO bank (bank_id, bank_code, bank_label_id) VALUES (3, '013', 3);
INSERT INTO bank (bank_id, bank_code, bank_label_id) VALUES (4, '017', 4);
INSERT INTO bank (bank_id, bank_code, bank_label_id) VALUES (5, '021', 5);
INSERT INTO bank (bank_id, bank_code, bank_label_id) VALUES (6, '048', 6);
INSERT INTO bank (bank_id, bank_code, bank_label_id) VALUES (7, '052', 7);
INSERT INTO bank (bank_id, bank_code, bank_label_id) VALUES (8, '806', 8);
INSERT INTO bank (bank_id, bank_code, bank_label_id) VALUES (9, '807', 9);
INSERT INTO bank (bank_id, bank_code, bank_label_id) VALUES (10, '808', 10);
INSERT INTO bank (bank_id, bank_code, bank_label_id) VALUES (11, '809', 11);
INSERT INTO bank (bank_id, bank_code, bank_label_id) VALUES (12, '810', 12);
INSERT INTO bank (bank_id, bank_code, bank_label_id) VALUES (13, '810', 13);
INSERT INTO bank (bank_id, bank_code, bank_label_id) VALUES (14, '822', 14);

INSERT INTO bank_data (bd_id, bd_bank_id, bd_type, bd_timestamp, bd_value) VALUES (1, 1, 1, '2023', 1558889);
INSERT INTO bank_data (bd_id, bd_bank_id, bd_type, bd_timestamp, bd_value) VALUES (2, 2, 1, '2023', 1189926);
INSERT INTO bank_data (bd_id, bd_bank_id, bd_type, bd_timestamp, bd_value) VALUES (3, 3, 1, '2023', 1817179);
INSERT INTO bank_data (bd_id, bd_bank_id, bd_type, bd_timestamp, bd_value) VALUES (4, 4, 1, '2023', 960135);
INSERT INTO bank_data (bd_id, bd_bank_id, bd_type, bd_timestamp, bd_value) VALUES (5, 5, 1, '2023', 162491);
INSERT INTO bank_data (bd_id, bd_bank_id, bd_type, bd_timestamp, bd_value) VALUES (6, 6, 1, '2023', 36045);
INSERT INTO bank_data (bd_id, bd_bank_id, bd_type, bd_timestamp, bd_value) VALUES (7, 7, 1, '2023', 241939);
INSERT INTO bank_data (bd_id, bd_bank_id, bd_type, bd_timestamp, bd_value) VALUES (8, 8, 1, '2023', 797925);
INSERT INTO bank_data (bd_id, bd_bank_id, bd_type, bd_timestamp, bd_value) VALUES (9, 9, 1, '2023', 797143);
INSERT INTO bank_data (bd_id, bd_bank_id, bd_type, bd_timestamp, bd_value) VALUES (10, 10, 1, '2023', 1144109);
INSERT INTO bank_data (bd_id, bd_bank_id, bd_type, bd_timestamp, bd_value) VALUES (11, 11, 1, '2023', 160396);
INSERT INTO bank_data (bd_id, bd_bank_id, bd_type, bd_timestamp, bd_value) VALUES (12, 12, 1, '2023', 148198);
INSERT INTO bank_data (bd_id, bd_bank_id, bd_type, bd_timestamp, bd_value) VALUES (13, 13, 1, '2023', 921354);
INSERT INTO bank_data (bd_id, bd_bank_id, bd_type, bd_timestamp, bd_value) VALUES (14, 14, 1, '2023', 1163282);

INSERT INTO lang_text (lt_id, lt_label_id, lt_lang_id, lt_text) VALUES (1, 1, 672, '臺灣銀行');
INSERT INTO lang_text (lt_id, lt_label_id, lt_lang_id, lt_text) VALUES (2, 1, 2, 'Bank of Taiwan');
INSERT INTO lang_text (lt_id, lt_label_id, lt_lang_id, lt_text) VALUES (3, 2, 672, '台北富邦商業銀行');
INSERT INTO lang_text (lt_id, lt_label_id, lt_lang_id, lt_text) VALUES (4, 2, 2, 'Taipei Fubon Commercial Bank');
INSERT INTO lang_text (lt_id, lt_label_id, lt_lang_id, lt_text) VALUES (5, 3, 672, '國泰世華商業銀行');
INSERT INTO lang_text (lt_id, lt_label_id, lt_lang_id, lt_text) VALUES (6, 3, 2, 'Cathay United Bank');
INSERT INTO lang_text (lt_id, lt_label_id, lt_lang_id, lt_text) VALUES (7, 4, 672, '兆豐國際商業銀行');
INSERT INTO lang_text (lt_id, lt_label_id, lt_lang_id, lt_text) VALUES (8, 4, 2, 'Mega International Commercial Bank');
INSERT INTO lang_text (lt_id, lt_label_id, lt_lang_id, lt_text) VALUES (9, 5, 672, '花旗（台灣）商業銀行');
INSERT INTO lang_text (lt_id, lt_label_id, lt_lang_id, lt_text) VALUES (10, 5, 2, 'Citibank (Taiwan)');
INSERT INTO lang_text (lt_id, lt_label_id, lt_lang_id, lt_text) VALUES (11, 6, 672, '王道商業銀行');
INSERT INTO lang_text (lt_id, lt_label_id, lt_lang_id, lt_text) VALUES (12, 6, 2, 'O-Bank');
INSERT INTO lang_text (lt_id, lt_label_id, lt_lang_id, lt_text) VALUES (13, 7, 672, '渣打國際商業銀行');
INSERT INTO lang_text (lt_id, lt_label_id, lt_lang_id, lt_text) VALUES (14, 7, 2, 'Standard Chartered');
INSERT INTO lang_text (lt_id, lt_label_id, lt_lang_id, lt_text) VALUES (15, 8, 672, '元大商業銀行');
INSERT INTO lang_text (lt_id, lt_label_id, lt_lang_id, lt_text) VALUES (16, 8, 2, 'Yuanta Commercial Bank');
INSERT INTO lang_text (lt_id, lt_label_id, lt_lang_id, lt_text) VALUES (17, 9, 672, '永豐商業銀行');
INSERT INTO lang_text (lt_id, lt_label_id, lt_lang_id, lt_text) VALUES (18, 9, 2, 'Bank SinoPac');
INSERT INTO lang_text (lt_id, lt_label_id, lt_lang_id, lt_text) VALUES (19, 10, 672, '玉山商業銀行');
INSERT INTO lang_text (lt_id, lt_label_id, lt_lang_id, lt_text) VALUES (20, 10, 2, 'E.SUN Commercial Bank');
INSERT INTO lang_text (lt_id, lt_label_id, lt_lang_id, lt_text) VALUES (21, 11, 672, '凱基商業銀行');
INSERT INTO lang_text (lt_id, lt_label_id, lt_lang_id, lt_text) VALUES (22, 11, 2, 'KGI Bank');
INSERT INTO lang_text (lt_id, lt_label_id, lt_lang_id, lt_text) VALUES (23, 12, 672, '星展（台灣）商業銀行');
INSERT INTO lang_text (lt_id, lt_label_id, lt_lang_id, lt_text) VALUES (24, 12, 2, 'DBS Bank (Taiwan)');
INSERT INTO lang_text (lt_id, lt_label_id, lt_lang_id, lt_text) VALUES (25, 13, 672, '台新國際商業銀行');
INSERT INTO lang_text (lt_id, lt_label_id, lt_lang_id, lt_text) VALUES (26, 13, 2, 'Taishin International Bank');
INSERT INTO lang_text (lt_id, lt_label_id, lt_lang_id, lt_text) VALUES (27, 14, 672, '中國信託商業銀行');
INSERT INTO lang_text (lt_id, lt_label_id, lt_lang_id, lt_text) VALUES (28, 14, 2, 'CTBC Bank');
